A00300	A.1
A00400	A.2
A00700	A.3
A00800	A.4
A00900	A.5
A01200	A.6
A01400	A.7
A01500	A.8
A01600	A.9
A01800	A.10
A02200	A.11
A02400	A.12
A02500	A.13
A02600	A.14
A02700	A.15
A03000	A.16
A03100	A.17
C54310	A.18
A03400	A.19
A03500	A.20
A03600	A.21
A03700	A.22
A03800	A.23
A03900	A.24
A04000	A.25
A04100	A.26
A04200	A.27
A04300	A.28
A04400	A.29
A04600	A.30
A04700	A.31
A05000	A.32
A05200	A.33
A05300	A.34
A05400	A.35
A05600	A.36
A05800	A.37
A05900	A.38
A06000	A.39
A06100	A.40
A06200	A.41
A06300	A.42
A06400	A.43
A06500	A.44
A06710	A.45
A06700	A.46
A06900	A.47
A07000	A.48
A07200	A.49
A08900	A.50
A09000	A.51
A09100	A.52
A10700	A.53
A10800	A.54
A10900	A.55
A11000	A.56
A11100	A.57
A11200	A.58
A11300	A.59
A11400	A.60
A11500	A.61
A11600	A.62
A11800	A.63
A11900	A.64
A12000	A.65
A12100	A.66
A12200	A.67
A12210	A.68
A12300	A.69
A12400	A.70
A05100	A.71
A09300	A.72
A09400	A.73
A09500	A.74
A09600	A.75
A09800	A.76
A09900	A.77
A10000	A.78
A10100	A.79
A10300	A.80
A10400	A.81
A10500	A.82
A10510	A.83
A10600	A.84
B08800	B.1
B07200	B.2
B07300	B.3
B09000	B.4
B09100	B.5
B09200	B.6
B09300	B.7
B09400	B.8
B09500	B.9
B09600	B.10
B09700	B.11
B09800	B.12
B09900	B.13
B10000	B.14
B10100	B.15
B10200	B.16
B10300	B.17
B10400	B.18
B10500	B.19
B10600	B.20
B10700	B.21
B10800	B.22
B10900	B.23
B11000	B.24
B11100	B.25
B11200	B.26
B11300	B.27
B11400	B.28
B11401	B.29
B11402	B.30
B11403	B.31
B11404	B.32
B11405	B.33
B11406	B.34
B11407	B.35
B11408	B.36
B11409	B.37
B11410	B.38
B11411	B.39
B11412	B.40
B06900	B.41
B11500	B.42
B11700	B.43
B07000	B.44
B07100	B.45
B07600	B.46
B12000	B.47
B12100	B.48
B12200	B.49
B13000	B.50
B07700	B.51
B12400	B.52
B07900	B.53
B07950	B.54
B07500	B.55
B07951	B.56
B07952	B.57
B07953	B.58
B07954	B.59
B07955	B.60
B07956	B.61
B07957	B.62
B07958	B.63
B07959	B.64
B07960	B.65
B07961	B.66
B07962	B.67
B07963	B.68
B08000	B.69
B08200	B.70
B06700	B.71
B08500	B.72
B08300	B.73
B08400	B.74
B11900	B.75
B06800	B.76
B08100	B.77
B07400	B.78
C95200	C.1
C00100	C.2
C00200	C.3
C00300	C.4
C00400	C.5
C00500	C.6
C00600	C.7
C00700	C.8
C00800	C.9
C00900	C.10
C01000	C.11
C01100	C.12
C01200	C.13
C01300	C.14
C01400	C.15
C65800	C.16
C01500	C.17
C01600	C.18
C01700	C.19
C68600	C.20
C68700	C.21
C96300	C.22
C03700	C.23
C03800	C.24
C03900	C.25
C04000	C.26
C04100	C.27
C04200	C.28
C04300	C.29
C04400	C.30
C04700	C.31
C04800	C.32
C06000	C.33
C06100	C.34
C06200	C.35
C06300	C.36
C06400	C.37
C66500	C.38
C03600	C.39
C01800	C.40
C02000	C.41
C02100	C.42
C02200	C.43
C05200	C.44
C06700	C.45
C06900	C.46
C07000	C.47
C06600	C.48
C05900	C.49
C05910	C.50
C02300	C.51
C02400	C.52
C02500	C.53
C02600	C.54
C02700	C.55
C02800	C.56
C02900	C.57
C03000	C.58
C03100	C.59
C03200	C.60
C03300	C.61
C95300	C.62
C03400	C.63
C03500	C.64
C07100	C.65
C69000	C.66
C69100	C.67
C69200	C.68
C69300	C.69
C69400	C.70
C69500	C.71
C69600	C.72
C69700	C.73
C07300	C.74
C07200	C.75
C69800	C.76
C69900	C.77
C70000	C.78
C70100	C.79
C70200	C.80
C70300	C.81
C70400	C.82
C70500	C.83
C70510	C.84
C70520	C.85
C07400	C.86
C07500	C.87
C70600	C.88
C70700	C.89
C07600	C.90
C70800	C.91
C07700	C.92
C07800	C.93
C07900	C.94
C08100	C.95
C08000	C.96
C08200	C.97
C08300	C.98
C12200	C.99
C39400	C.100
C08600	C.101
C08700	C.102
C08500	C.103
C08800	C.104
C08900	C.105
C09000	C.106
C09100	C.107
C09200	C.108
C09300	C.109
C68900	C.110
C09400	C.111
C09500	C.112
C09700	C.113
C09600	C.114
C09800	C.115
C09900	C.116
C10000	C.117
C10100	C.118
C10200	C.119
C10900	C.120
C11000	C.121
C10300	C.122
C71000	C.123
C71100	C.124
C10500	C.125
C10600	C.126
C11100	C.127
C11200	C.128
C11300	C.129
C11400	C.130
C11500	C.131
C11600	C.132
C11700	C.133
C11800	C.134
C11900	C.135
C12000	C.136
C12100	C.137
C12300	C.138
C12400	C.139
C71400	C.140
C71500	C.141
C12600	C.142
C12610	C.143
C12620	C.144
C10400	C.145
C10800	C.146
C81000	C.147
C97800	C.148
C97900	C.149
C13000	C.150
C13400	C.151
C13300	C.152
C13200	C.153
C13500	C.154
C13600	C.155
C13900	C.156
C14000	C.157
C14100	C.158
C71900	C.159
C72000	C.160
C72100	C.161
C72110	C.162
C01710	C.163
C13800	C.164
C13810	C.165
C71600	C.166
C71700	C.167
C13700	C.168
C17800	C.169
C16300	C.170
C16100	C.171
C16200	C.172
C15800	C.173
C15900	C.174
C16000	C.175
C16600	C.176
C16700	C.177
C14900	C.178
C17100	C.179
C18010	C.180
C72200	C.181
C18110	C.182
C14700	C.183
C14800	C.184
C15000	C.185
C15100	C.186
C15200	C.187
C15300	C.188
C15400	C.189
C15500	C.190
C16500	C.191
C14200	C.192
C14300	C.193
C14500	C.194
C14600	C.195
C14400	C.196
C15600	C.197
C15700	C.198
C16400	C.199
C16800	C.200
C16900	C.201
C72300	C.202
C17000	C.203
C72400	C.204
C72800	C.205
C73000	C.206
C18000	C.207
C72500	C.208
C17300	C.209
C17400	C.210
C17200	C.211
C94700	C.212
C17500	C.213
C17600	C.214
C17700	C.215
C18100	C.216
C18200	C.217
C18300	C.218
C18400	C.219
C18500	C.220
C18600	C.221
C18700	C.222
C18900	C.223
C19000	C.224
C19800	C.225
C65000	C.226
C20100	C.227
C20200	C.228
C20300	C.229
C20400	C.230
C20500	C.231
C73500	C.232
C20600	C.233
C20700	C.234
C20800	C.235
C20900	C.236
C21000	C.237
C21100	C.238
C19100	C.239
C19200	C.240
C19300	C.241
C19400	C.242
C19500	C.243
C19600	C.244
C19700	C.245
C86500	C.246
C24000	C.247
C24100	C.248
C21200	C.249
C21500	C.250
C21400	C.251
C21600	C.252
C21800	C.253
C21900	C.254
C22000	C.255
C22100	C.256
C22200	C.257
C22300	C.258
C22500	C.259
C22600	C.260
C22700	C.261
C73700	C.262
C73800	C.263
C73900	C.264
C74000	C.265
C74100	C.266
C22800	C.267
C22900	C.268
C23000	C.269
C23100	C.270
C23200	C.271
C23300	C.272
C23400	C.273
C23500	C.274
C23600	C.275
C23700	C.276
C23800	C.277
C74150	C.278
C34700	C.279
C21300	C.280
C34600	C.281
C23900	C.282
C24400	C.283
C24500	C.284
C24700	C.285
C24800	C.286
C24900	C.287
C24950	C.288
C25000	C.289
C24600	C.290
C25100	C.291
C24200	C.292
C24300	C.293
C34900	C.294
C35100	C.295
C35200	C.296
C35000	C.297
C25500	C.298
C25600	C.299
C25700	C.300
C25800	C.301
C25900	C.302
C26000	C.303
C26010	C.304
C25150	C.305
C25200	C.306
C25300	C.307
C25400	C.308
C33900	C.309
C34000	C.310
C34300	C.311
C74400	C.312
C74500	C.313
C74600	C.314
C95100	C.315
C27500	C.316
C28000	C.317
C28100	C.318
C26400	C.319
C26500	C.320
C34100	C.321
C26600	C.322
C26700	C.323
C26800	C.324
C26900	C.325
C27000	C.326
C27100	C.327
C27200	C.328
C26450	C.329
C26460	C.330
C97100	C.331
C27600	C.332
C27700	C.333
C27800	C.334
C27900	C.335
C28200	C.336
C28300	C.337
C28400	C.338
C28500	C.339
C28600	C.340
C28700	C.341
C28800	C.342
C28900	C.343
C29000	C.344
C29100	C.345
C29200	C.346
C29300	C.347
C29400	C.348
C29500	C.349
C29600	C.350
C29700	C.351
C29800	C.352
C29900	C.353
C30000	C.354
C30100	C.355
C30200	C.356
C30300	C.357
C30400	C.358
C30500	C.359
C30600	C.360
C30700	C.361
C30800	C.362
C30900	C.363
C31000	C.364
C31100	C.365
C31200	C.366
C31300	C.367
C31400	C.368
C31500	C.369
C31600	C.370
C31700	C.371
C31800	C.372
C31900	C.373
C32000	C.374
C32100	C.375
C32200	C.376
C32300	C.377
C32400	C.378
C32500	C.379
C32600	C.380
C32700	C.381
C32800	C.382
C32900	C.383
C33000	C.384
C33100	C.385
C33200	C.386
C33300	C.387
C33400	C.388
C33500	C.389
C33600	C.390
C33700	C.391
C33800	C.392
C74200	C.393
C74300	C.394
C34200	C.395
C34400	C.396
C35300	C.397
C35400	C.398
C35500	C.399
C35600	C.400
C35700	C.401
C35800	C.402
C35900	C.403
C36000	C.404
C36100	C.405
C36200	C.406
C36400	C.407
C36500	C.408
C36600	C.409
C36700	C.410
C36800	C.411
C36900	C.412
C37000	C.413
C74900	C.414
C75000	C.415
C43100	C.416
C17900	C.417
C37600	C.418
C75600	C.419
C75700	C.420
C37700	C.421
C37800	C.422
C37900	C.423
C38000	C.424
C97600	C.425
C38200	C.426
C38300	C.427
C80800	C.428
C80700	C.429
C80900	C.430
C75300	C.431
C75400	C.432
C75500	C.433
C80400	C.434
C81400	C.435
C44100	C.436
C44110	C.437
C80910	C.438
C95700	C.439
C88200	C.440
C88300	C.441
C88400	C.442
C88500	C.443
C88600	C.444
C88700	C.445
C88800	C.446
C88900	C.447
C89000	C.448
C89100	C.449
C89200	C.450
C89300	C.451
C89400	C.452
C89500	C.453
C89600	C.454
C89700	C.455
C89710	C.456
C89800	C.457
C89900	C.458
C90000	C.459
C90100	C.460
C90200	C.461
C90300	C.462
C90400	C.463
C90500	C.464
C90600	C.465
C90700	C.466
C90800	C.467
C90900	C.468
C91000	C.469
C91100	C.470
C91200	C.471
C91300	C.472
C91400	C.473
C91500	C.474
C91600	C.475
C91700	C.476
C91800	C.477
C91900	C.478
C92000	C.479
C92100	C.480
C92200	C.481
C92300	C.482
C92400	C.483
C92500	C.484
C92600	C.485
C92700	C.486
C92800	C.487
C92900	C.488
C93000	C.489
C93100	C.490
C93200	C.491
C93300	C.492
C93400	C.493
C93600	C.494
C93700	C.495
C93800	C.496
C93900	C.497
C94000	C.498
C94100	C.499
C94200	C.500
C79800	C.501
C51400	C.502
C51500	C.503
C51600	C.504
C51700	C.505
C51800	C.506
C51900	C.507
C52000	C.508
C52010	C.509
C63600	C.510
C52100	C.511
C52200	C.512
C53800	C.513
C52310	C.514
C97000	C.515
C52700	C.516
C52300	C.517
C52400	C.518
C52500	C.519
C52800	C.520
C52900	C.521
C53000	C.522
C53100	C.523
C53200	C.524
C53300	C.525
C53400	C.526
C53500	C.527
C53600	C.528
C53700	C.529
C79100	C.530
C79200	C.531
C79300	C.532
C79400	C.533
C79500	C.534
C79700	C.535
C59200	C.536
C86700	C.537
C94300	C.538
C53710	C.539
C53720	C.540
C53730	C.541
C53740	C.542
C53750	C.543
C53760	C.544
C53770	C.545
C53780	C.546
C53790	C.547
C60000	C.548
C94550	C.549
C94560	C.550
C53900	C.551
C54200	C.552
C94400	C.553
C54000	C.554
C54100	C.555
C57300	C.556
C57310	C.557
C57400	C.558
C57500	C.559
C57600	C.560
C57700	C.561
C54300	C.562
C54400	C.563
C54500	C.564
C54600	C.565
C59700	C.566
C58000	C.567
C58100	C.568
C56400	C.569
C56500	C.570
C26200	C.571
C26100	C.572
C56200	C.573
C56210	C.574
C56300	C.575
C54700	C.576
C54800	C.577
C54900	C.578
C55000	C.579
C55100	C.580
C55200	C.581
C55300	C.582
C55400	C.583
C55500	C.584
C56000	C.585
C56100	C.586
C55600	C.587
C55700	C.588
C55800	C.589
C55900	C.590
C96500	C.591
C56900	C.592
C56800	C.593
C57000	C.594
C57800	C.595
C56600	C.596
C56700	C.597
C57900	C.598
C57100	C.599
C58200	C.600
C58300	C.601
C58400	C.602
C58500	C.603
C97400	C.604
C58600	C.605
C79600	C.606
C58700	C.607
C80000	C.608
C86800	C.609
C58800	C.610
C60100	C.611
C60200	C.612
C60900	C.613
C58900	C.614
C59300	C.615
C59800	C.616
C59900	C.617
C60300	C.618
C60400	C.619
C60500	C.620
C60600	C.621
C60700	C.622
C60800	C.623
C61400	C.624
C62200	C.625
C62300	C.626
C62400	C.627
C62500	C.628
C62600	C.629
C62700	C.630
C62800	C.631
C62900	C.632
C63000	C.633
C63100	C.634
C63200	C.635
C63300	C.636
C63400	C.637
C63500	C.638
C61000	C.639
C61200	C.640
C61300	C.641
C77800	C.642
C77900	C.643
C78000	C.644
C78100	C.645
C63700	C.646
C63710	C.647
C63800	C.648
C79000	C.649
C63900	C.650
C18800	C.651
C38600	C.652
C38700	C.653
C38800	C.654
C38900	C.655
C39100	C.656
C39200	C.657
C39300	C.658
C39500	C.659
C39600	C.660
C39700	C.661
C39800	C.662
C39900	C.663
C40100	C.664
C40200	C.665
C40300	C.666
C40400	C.667
C40500	C.668
C40800	C.669
C40900	C.670
C41000	C.671
C41100	C.672
C41300	C.673
C41400	C.674
C41500	C.675
C41600	C.676
C41700	C.677
C41800	C.678
C41900	C.679
C42000	C.680
C42100	C.681
C42200	C.682
C42300	C.683
C42400	C.684
C42500	C.685
C42700	C.686
C42800	C.687
C42900	C.688
C43000	C.689
C43300	C.690
C43400	C.691
C43500	C.692
C43600	C.693
C43700	C.694
C43800	C.695
C43900	C.696
C44000	C.697
C44200	C.698
C44300	C.699
C44400	C.700
C44700	C.701
C45000	C.702
C45100	C.703
C45200	C.704
C45500	C.705
C45600	C.706
C45700	C.707
C45800	C.708
C45900	C.709
C46000	C.710
C46100	C.711
C46200	C.712
C46300	C.713
C46500	C.714
C46600	C.715
C46700	C.716
C46800	C.717
C46900	C.718
C47000	C.719
C47100	C.720
C47200	C.721
C47300	C.722
C47600	C.723
C47700	C.724
C47800	C.725
C47900	C.726
C48000	C.727
C48100	C.728
C48300	C.729
C48400	C.730
C48500	C.731
C48600	C.732
C48700	C.733
C48800	C.734
C48900	C.735
C49000	C.736
C06500	C.737
C49200	C.738
C49300	C.739
C49400	C.740
C49700	C.741
C49800	C.742
C50300	C.743
C50500	C.744
C50600	C.745
C51300	C.746
C81100	C.747
C84500	C.748
C59400	C.749
C94600	C.750
C60220	C.751
C65700	C.752
C77300	C.753
C77500	C.754
C77600	C.755
C78900	C.756
C97200	C.757
C49900	C.758
C95600	C.759
C95900	C.760
C44500	C.761
C40600	C.762
C49500	C.763
C45400	C.764
C41200	C.765
C40700	C.766
C40000	C.767
C39000	C.768
C75900	C.769
C96700	C.770
C96800	C.771
C96900	C.772
C44600	C.773
C96400	C.774
C42600	C.775
C47500	C.776
C50100	C.777
C50200	C.778
C50400	C.779
C97300	C.780
C97500	C.781
P00600	P.1
P00700	P.2
P00800	P.3
P00900	P.4
P01000	P.5
P01100	P.6
P01200	P.7
P01300	P.8
P01400	P.9
P01410	P.10
P01500	P.11
P01600	P.12
P01700	P.13
P01800	P.14
P01900	P.15
P02000	P.16
P02100	P.17
P02200	P.18
P02300	P.19
P02400	P.20
P02500	P.21
P02600	P.22
P02700	P.23
P02800	P.24
P00500	P.25
P02900	P.26
P03000	P.27
P03100	P.28
P03200	P.29
P03300	P.30
P03400	P.31
P03500	P.32
P03600	P.33
P03700	P.34
P03800	P.35
P03900	P.36
P04000	P.37
P04100	P.38
P04200	P.39
P04300	P.40
P04400	P.41
P04500	P.42
P04600	P.43
P04700	P.44
P04800	P.45
P04900	P.46
P00100	P.47
P00200	P.48
P00300	P.49
P00400	P.50
P05200	P.51
P05300	P.52
P05500	P.53
P05600	P.54
P05700	P.55
P05800	P.56
P05900	P.57
P06000	P.58
P06100	P.59
P06200	P.60
P06300	P.61
P06400	P.62
P06500	P.63
P06600	P.64
P06700	P.65
P06800	P.66
P07900	P.67
P08000	P.68
P06900	P.69
P07000	P.70
P07100	P.71
P07200	P.72
P07300	P.73
P07400	P.74
P07500	P.75
P07600	P.76
P07700	P.77
P05400	P.78
P25100	P.79
P08100	P.80
P08200	P.81
P08300	P.82
P08400	P.83
P08500	P.84
P08600	P.85
P08700	P.86
P08800	P.87
P08900	P.88
P09000	P.89
P09100	P.90
P09200	P.91
P09300	P.92
P09400	P.93
P09500	P.94
P09600	P.95
P09700	P.96
P09800	P.97
P09900	P.98
P10000	P.99
P10100	P.100
P10200	P.101
P10300	P.102
P10400	P.103
P10500	P.104
P10600	P.105
P10700	P.106
P10800	P.107
P11200	P.108
P11300	P.109
P11400	P.110
P11500	P.111
P10900	P.112
P11000	P.113
P11100	P.114
P11700	P.115
P42400	P.116
P11800	P.117
P11900	P.118
P12000	P.119
P12200	P.120
P12700	P.121
P12800	P.122
P12300	P.123
P12400	P.124
P20210	P.125
P12900	P.126
P13000	P.127
P13100	P.128
P13200	P.129
P13300	P.130
P13400	P.131
P13500	P.132
P13600	P.133
P13700	P.134
P13800	P.135
P13900	P.136
P14000	P.137
P14200	P.138
P14300	P.139
P14400	P.140
P14500	P.141
P14600	P.142
P14700	P.143
P42500	P.144
P17400	P.145
P17500	P.146
P17700	P.147
P17800	P.148
P17900	P.149
P18200	P.150
P18300	P.151
P18400	P.152
P18500	P.153
P18600	P.154
P18700	P.155
P18800	P.156
P18900	P.157
P19000	P.158
P19100	P.159
P19200	P.160
P19300	P.161
P19400	P.162
P19500	P.163
P19600	P.164
P30600	P.165
P21100	P.166
P20200	P.167
P18000	P.168
P18100	P.169
P12500	P.170
P12600	P.171
P17300	P.172
P14800	P.173
P14900	P.174
P15000	P.175
P15100	P.176
P15200	P.177
P15300	P.178
P15400	P.179
P15500	P.180
P15600	P.181
P15700	P.182
P15800	P.183
P15900	P.184
P16000	P.185
P16100	P.186
P16200	P.187
P16300	P.188
P16400	P.189
P16500	P.190
P16600	P.191
P16700	P.192
P16710	P.193
P16800	P.194
P16900	P.195
P17000	P.196
P17100	P.197
P17200	P.198
P20300	P.199
P20600	P.200
P20800	P.201
P20900	P.202
P21000	P.203
P21200	P.204
P20500	P.205
P20100	P.206
P19800	P.207
P20000	P.208
P19900	P.209
P20700	P.210
P20710	P.211
P21300	P.212
P21600	P.213
P30900	P.214
P31000	P.215
P31100	P.216
P31300	P.217
P31400	P.218
P31500	P.219
P31600	P.220
P42100	P.221
P42200	P.222
P42600	P.223
P31800	P.224
P42000	P.225
P32000	P.226
P39500	P.227
P32200	P.228
P32300	P.229
P32400	P.230
P32500	P.231
P32900	P.232
P33100	P.233
P33300	P.234
P33500	P.235
P33600	P.236
P33700	P.237
P33800	P.238
P33900	P.239
P34100	P.240
P34200	P.241
P34300	P.242
P34400	P.243
P34500	P.244
P34600	P.245
P34700	P.246
P34800	P.247
P34900	P.248
P35000	P.249
P35100	P.250
P35200	P.251
P35300	P.252
P35400	P.253
P35500	P.254
P35600	P.255
P35700	P.256
P35800	P.257
P35900	P.258
P36000	P.259
P36100	P.260
P36200	P.261
P36300	P.262
P36400	P.263
P36500	P.264
P36600	P.265
P36700	P.266
P36800	P.267
P36900	P.268
P37000	P.269
P37200	P.270
P37300	P.271
P37400	P.272
P37500	P.273
P37600	P.274
P37700	P.275
P37800	P.276
P37900	P.277
P38000	P.278
P38100	P.279
P38200	P.280
P38300	P.281
P38400	P.282
P38500	P.283
P38600	P.284
P38700	P.285
P38800	P.286
P38900	P.287
P39000	P.288
P39100	P.289
P39200	P.290
P39300	P.291
P39400	P.292
P39600	P.293
P39700	P.294
P39900	P.295
P40000	P.296
P40100	P.297
P40200	P.298
P40400	P.299
P40500	P.300
P40600	P.301
P40700	P.302
P40800	P.303
P40900	P.304
P41000	P.305
P41100	P.306
P41200	P.307
P40300	P.308
P42800	P.309
P43100	P.310
P23300	P.311
P23400	P.312
P23500	P.313
P22900	P.314
P23000	P.315
P23100	P.316
P23600	P.317
P41300	P.318
P23200	P.319
P22700	P.320
P22800	P.321
P21400	P.322
P21500	P.323
P21700	P.324
P05100	P.325
P21800	P.326
P21900	P.327
P22000	P.328
P22100	P.329
P22200	P.330
P22300	P.331
P22400	P.332
P22600	P.333
P23700	P.334
P23800	P.335
P23900	P.336
P24000	P.337
P24100	P.338
P24200	P.339
P24300	P.340
P24400	P.341
P24500	P.342
P24600	P.343
P24700	P.344
P24800	P.345
P24900	P.346
P25000	P.347
P25200	P.348
P25300	P.349
P25400	P.350
P25600	P.351
P25700	P.352
P25800	P.353
P25900	P.354
P26000	P.355
P26100	P.356
P26200	P.357
P26300	P.358
P26500	P.359
P26600	P.360
P26700	P.361
P26800	P.362
P26900	P.363
P27000	P.364
P27100	P.365
P27200	P.366
P27300	P.367
P27400	P.368
P27500	P.369
P27600	P.370
P27900	P.371
P28000	P.372
P28100	P.373
P28200	P.374
P28300	P.375
P28400	P.376
P28500	P.377
P28600	P.378
P28800	P.379
P28900	P.380
P29100	P.381
P29200	P.382
P29300	P.383
P29400	P.384
P29600	P.385
P29700	P.386
P29800	P.387
P29900	P.388
P30000	P.389
P30100	P.390
P30200	P.391
P30300	P.392
P30500	P.393
P30800	P.394
P42300	P.395
P41350	P.396
C81200	P.397
P42700	P.398
P29500	P.399
P27700	P.400
P27800	P.401
T00100	T.1
T00200	T.2
T00300	T.3
T00400	T.4
T00500	T.5
T00600	T.6
T00700	T.7
T00800	T.8
T01000	T.9
T01100	T.10
T01200	T.11
T01300	T.12
T01400	T.13
T01600	T.14
T01610	T.15
T01620	T.16
T19500	T.17
T19600	T.18
T19700	T.19
T19800	T.20
T19900	T.21
T20100	T.22
T20200	T.23
T20300	T.24
T01700	T.25
T01800	T.26
T02300	T.27
T02400	T.28
T02500	T.29
T02600	T.30
T02700	T.31
T02800	T.32
T03000	T.33
T02900	T.34
T04100	T.35
T04600	T.36
T03100	T.37
T03200	T.38
T03300	T.39
T03400	T.40
T03500	T.41
T03600	T.42
T03700	T.43
T03800	T.44
T03900	T.45
T04000	T.46
T04200	T.47
T04300	T.48
T04400	T.49
T04700	T.50
T04800	T.51
T04900	T.52
T05000	T.53
T05100	T.54
T05200	T.55
T05300	T.56
T05400	T.57
T05500	T.58
T05600	T.59
T05700	T.60
T05800	T.61
T05900	T.62
T06000	T.63
T06100	T.64
T06200	T.65
T06300	T.66
T06400	T.67
T06500	T.68
T06600	T.69
T06700	T.70
T06800	T.71
T06900	T.72
T07000	T.73
T07100	T.74
T07200	T.75
T07300	T.76
T07400	T.77
T07500	T.78
T07600	T.79
T07700	T.80
T07800	T.81
T07900	T.82
T17600	T.83
T17700	T.84
T17800	T.85
T17900	T.86
T18000	T.87
T18100	T.88
T18200	T.89
T18300	T.90
T18400	T.91
T18500	T.92
T18600	T.93
T18700	T.94
T18800	T.95
T18900	T.96
T19000	T.97
T19100	T.98
T19200	T.99
T19300	T.100
T19310	T.101
T19320	T.102
T19330	T.103
T04500	T.104
T23100	T.105
T23200	T.106
T23300	T.107
T23400	T.108
T23500	T.109
T23600	T.110
T23700	T.111
T23800	T.112
T23900	T.113
T71400	T.114
T24000	T.115
T08000	T.116
T08100	T.117
T08200	T.118
T08300	T.119
T08400	T.120
T08500	T.121
T08510	T.122
T08600	T.123
T08610	T.124
T08620	T.125
T08700	T.126
T08800	T.127
T08900	T.128
T09000	T.129
T09100	T.130
T09200	T.131
T09300	T.132
T09400	T.133
T09500	T.134
T09600	T.135
T09700	T.136
T09800	T.137
T09900	T.138
T10000	T.139
T10100	T.140
T10200	T.141
T10300	T.142
T10400	T.143
T10500	T.144
T10600	T.145
T10700	T.146
T10800	T.147
T10900	T.148
T11000	T.149
T11100	T.150
T11200	T.151
T11300	T.152
T11400	T.153
T11500	T.154
T11600	T.155
T11700	T.156
T11800	T.157
T11900	T.158
T12000	T.159
T12100	T.160
T12200	T.161
T12300	T.162
T12500	T.163
T12600	T.164
T12700	T.165
T12800	T.166
T12810	T.167
T12900	T.168
T13000	T.169
T13100	T.170
T13200	T.171
T13300	T.172
T13400	T.173
T13500	T.174
T13600	T.175
T13700	T.176
T13800	T.177
T13900	T.178
T14000	T.179
T14100	T.180
T14200	T.181
T14300	T.182
T14400	T.183
T14500	T.184
T14600	T.185
T14700	T.186
T14800	T.187
T14810	T.188
T14900	T.189
T14910	T.190
T15000	T.191
T15100	T.192
T15200	T.193
T15300	T.194
T15400	T.195
T15500	T.196
T15600	T.197
T15700	T.198
T15800	T.199
T15900	T.200
T16000	T.201
T16100	T.202
T16200	T.203
T16300	T.204
T16400	T.205
T16500	T.206
T16600	T.207
T16700	T.208
T16800	T.209
T16900	T.210
T17000	T.211
T17200	T.212
T17300	T.213
T17500	T.214
T17400	T.215
T01900	T.216
T02000	T.217
T02100	T.218
T02200	T.219
T20400	T.220
T20500	T.221
T20600	T.222
T20700	T.223
T20800	T.224
T21000	T.225
T21100	T.226
T21200	T.227
T21300	T.228
T21400	T.229
T21500	T.230
T21600	T.231
T21700	T.232
T21800	T.233
T21900	T.234
T22000	T.235
T22100	T.236
T22110	T.237
T22200	T.238
T22300	T.239
T22400	T.240
T22500	T.241
T22600	T.242
T22700	T.243
T22800	T.244
T22900	T.245
T22910	T.246
T23000	T.247
T24200	T.248
T24400	T.249
T24500	T.250
T24600	T.251
T24700	T.252
T24800	T.253
T24900	T.254
T25000	T.255
T25800	T.256
T26000	T.257
T26500	T.258
T26600	T.259
T26700	T.260
T26200	T.261
T26400	T.262
T26900	T.263
T27000	T.264
T27100	T.265
T27200	T.266
T27300	T.267
T27400	T.268
T27500	T.269
T27600	T.270
T27700	T.271
T27800	T.272
T27900	T.273
T28000	T.274
T28100	T.275
T28200	T.276
T28300	T.277
T28400	T.278
T28500	T.279
T28600	T.280
T28700	T.281
T28800	T.282
T28900	T.283
T29000	T.284
T29100	T.285
T29200	T.286
T29300	T.287
T29400	T.288
T29500	T.289
T29600	T.290
T29700	T.291
T29800	T.292
T29900	T.293
T30000	T.294
T30100	T.295
T30200	T.296
T30300	T.297
T30400	T.298
T30500	T.299
T30600	T.300
T30700	T.301
T30800	T.302
T30900	T.303
T31000	T.304
T31100	T.305
T31200	T.306
T31300	T.307
T31400	T.308
T31500	T.309
T31700	T.310
T31800	T.311
T31900	T.312
T32000	T.313
T32100	T.314
T32200	T.315
T32300	T.316
T32400	T.317
T32500	T.318
T32600	T.319
T32700	T.320
T32800	T.321
T32900	T.322
T33000	T.323
T33100	T.324
T33200	T.325
T33300	T.326
T33400	T.327
T33500	T.328
T33600	T.329
T33700	T.330
T33800	T.331
T33900	T.332
T34000	T.333
T34100	T.334
T34200	T.335
T34300	T.336
T34400	T.337
T34600	T.338
T34700	T.339
T34800	T.340
T34900	T.341
T35000	T.342
T35100	T.343
T35110	T.344
T35120	T.345
T35130	T.346
T35200	T.347
T35210	T.348
T35300	T.349
T35310	T.350
T35320	T.351
T35330	T.352
T35340	T.353
T35350	T.354
T35400	T.355
T35410	T.356
T35420	T.357
T35430	T.358
T35440	T.359
T35500	T.360
T35600	T.361
T35610	T.362
T35700	T.363
T35710	T.364
T36450	T.365
T36500	T.366
T36600	T.367
T36700	T.368
T36800	T.369
T36810	T.370
T36900	T.371
T36910	T.372
T36920	T.373
T36930	T.374
T36940	T.375
T37000	T.376
T37100	T.377
T37200	T.378
T37300	T.379
T37400	T.380
T37500	T.381
T37600	T.382
T37700	T.383
T37800	T.384
T37900	T.385
T38000	T.386
T38100	T.387
T38200	T.388
T38300	T.389
T38400	T.390
T38410	T.391
T38500	T.392
T38600	T.393
T38610	T.394
T38620	T.395
T38630	T.396
T38640	T.397
T38650	T.398
T38700	T.399
T38800	T.400
T38900	T.401
T39000	T.402
T39100	T.403
T39200	T.404
T39300	T.405
T39400	T.406
T39600	T.407
T39700	T.408
T39800	T.409
T39900	T.410
T39910	T.411
T39920	T.412
T39930	T.413
T39940	T.414
T39950	T.415
T39960	T.416
T39970	T.417
T39980	T.418
T40000	T.419
T40100	T.420
T40200	T.421
T40300	T.422
T40400	T.423
T40500	T.424
T40600	T.425
T40700	T.426
T40800	T.427
T40900	T.428
T41000	T.429
T41100	T.430
T41200	T.431
T41300	T.432
T41400	T.433
T41500	T.434
T41600	T.435
T41700	T.436
T41800	T.437
T41900	T.438
T41910	T.439
T41920	T.440
T35800	T.441
T35900	T.442
T36000	T.443
T36100	T.444
T36200	T.445
T36300	T.446
T36400	T.447
T42000	T.448
T42100	T.449
T42200	T.450
T42300	T.451
T42400	T.452
T42500	T.453
T42600	T.454
T42700	T.455
T42800	T.456
T42900	T.457
T43000	T.458
T43100	T.459
T43200	T.460
T43300	T.461
T43310	T.462
T43320	T.463
T43330	T.464
T43340	T.465
T44800	T.466
T44900	T.467
T45000	T.468
T45100	T.469
T45200	T.470
T45300	T.471
T45400	T.472
T45500	T.473
T45600	T.474
T45700	T.475
T45800	T.476
T45900	T.477
T46000	T.478
T46100	T.479
T46200	T.480
T46300	T.481
T46400	T.482
T46500	T.483
T46600	T.484
T46700	T.485
T46800	T.486
T47600	T.487
T47700	T.488
T47800	T.489
T47900	T.490
T48000	T.491
T48100	T.492
T48200	T.493
T48300	T.494
T48400	T.495
T48500	T.496
T48600	T.497
T48700	T.498
T48800	T.499
T48900	T.500
T49000	T.501
T49100	T.502
T49200	T.503
T49300	T.504
T49400	T.505
T49500	T.506
T49600	T.507
T49700	T.508
T49800	T.509
T49900	T.510
T50000	T.511
T50100	T.512
T50200	T.513
T50300	T.514
T50400	T.515
T50500	T.516
T50600	T.517
T50700	T.518
T50800	T.519
T50900	T.520
T51000	T.521
T51100	T.522
T51200	T.523
T51300	T.524
T51400	T.525
T51500	T.526
T51600	T.527
T51700	T.528
T51800	T.529
T51900	T.530
T52000	T.531
T52100	T.532
T52200	T.533
T52300	T.534
T52400	T.535
T52500	T.536
T52600	T.537
T52700	T.538
T52800	T.539
T52900	T.540
T53000	T.541
T53100	T.542
T53200	T.543
T53300	T.544
T53400	T.545
T53500	T.546
T53600	T.547
T53700	T.548
T53800	T.549
T53900	T.550
T54000	T.551
T54100	T.552
T54200	T.553
T54300	T.554
T54400	T.555
T54500	T.556
T54600	T.557
T54700	T.558
T54800	T.559
T54900	T.560
T55000	T.561
T55100	T.562
T55200	T.563
T55300	T.564
T55400	T.565
T55500	T.566
T55600	T.567
T55700	T.568
T55800	T.569
T55900	T.570
T55910	T.571
T56000	T.572
T56100	T.573
T56200	T.574
T56300	T.575
T56400	T.576
T56500	T.577
T56600	T.578
T56700	T.579
T56800	T.580
T61000	T.581
T61100	T.582
T61200	T.583
T61300	T.584
T61400	T.585
T61500	T.586
T61600	T.587
T61700	T.588
T61800	T.589
T61900	T.590
T62000	T.591
T62100	T.592
T62200	T.593
T62300	T.594
T62400	T.595
T62500	T.596
T62600	T.597
T62700	T.598
T62800	T.599
T62900	T.600
T63000	T.601
T63100	T.602
T63200	T.603
T63300	T.604
T63400	T.605
T63500	T.606
T63600	T.607
T63700	T.608
T63800	T.609
T63900	T.610
T64000	T.611
T58100	T.612
T56900	T.613
T57000	T.614
T57100	T.615
T57200	T.616
T57300	T.617
T57400	T.618
T57500	T.619
T57600	T.620
T57700	T.621
T57800	T.622
T57900	T.623
T58000	T.624
T58200	T.625
T58300	T.626
T58400	T.627
T58500	T.628
T58600	T.629
T58700	T.630
T58800	T.631
T58900	T.632
T59000	T.633
T59100	T.634
T59200	T.635
T59300	T.636
T59400	T.637
T59500	T.638
T59600	T.639
T59700	T.640
T59800	T.641
T59900	T.642
T60000	T.643
T60100	T.644
T60200	T.645
T60300	T.646
T60400	T.647
T60500	T.648
T60600	T.649
T60700	T.650
T60800	T.651
T60900	T.652
T64200	T.653
T64300	T.654
T46900	T.655
T47000	T.656
T47100	T.657
T47200	T.658
T47300	T.659
T47400	T.660
T47500	T.661
T64400	T.662
T64500	T.663
T64600	T.664
T64700	T.665
T64800	T.666
T64900	T.667
T65000	T.668
T65100	T.669
T65200	T.670
T65300	T.671
T65400	T.672
T65500	T.673
T65600	T.674
T65700	T.675
T65800	T.676
T34500	T.677
T65900	T.678
T66000	T.679
T66100	T.680
T66200	T.681
T66300	T.682
T66400	T.683
T66500	T.684
T66600	T.685
T66700	T.686
T66800	T.687
T66900	T.688
T67000	T.689
T67100	T.690
T67200	T.691
T67300	T.692
T67400	T.693
T67500	T.694
T67600	T.695
T67700	T.696
T67800	T.697
T67900	T.698
T68000	T.699
T68100	T.700
T68200	T.701
T68300	T.702
T68400	T.703
T68500	T.704
T24300	T.705
T01500	T.706
T25100	T.707
T25200	T.708
T25300	T.709
T25400	T.710
T25500	T.711
T25600	T.712
T25700	T.713
T25900	T.714
T26100	T.715
T26300	T.716
T70200	T.717
T70300	T.718
T70400	T.719
T70500	T.720
T70600	T.721
T70700	T.722
T70900	T.723
T71000	T.724
T71100	T.725
T71200	T.726
T71300	T.727
T71500	T.728
T24100	T.729
B00100	M.1
B00200	M.2
B00400	M.3
B00500	M.4
B00600	M.5
B00700	M.6
B00800	M.7
B00900	M.8
B01000	M.9
B01100	M.10
B01200	M.11
B01300	M.12
B01400	M.13
B01500	M.14
B01600	M.15
B01700	M.16
B01800	M.17
B01900	M.18
B02000	M.19
B02100	M.20
B02200	M.21
B02300	M.22
B02400	M.23
B02500	M.24
B02600	M.25
B02700	M.26
B00300	M.27
B02710	M.28
B02720	M.29
B02730	M.30
B02740	M.31
B02800	M.32
B02900	M.33
B03000	M.34
B03100	M.35
B03200	M.36
B03300	M.37
B03400	M.38
B03500	M.39
B03510	M.40
B03600	M.41
B03700	M.42
B03800	M.43
B04100	M.44
B04200	M.45
B04300	M.46
B04600	M.47
B04700	M.48
B04800	M.49
B05000	M.50
B05100	M.51
B05200	M.52
B05400	M.53
B05500	M.54
B05600	M.55
B05700	M.56
B05800	M.57
B05900	M.58
B06000	M.59
B06100	M.60
B06200	M.61
B06300	M.62
B06400	M.63
B03900	M.64
B04000	M.65
B06500	M.66
B06600	M.67
C81600	M.68
G00500	M.69
G05400	M.70
G00100	M.71
G00200	M.72
G00300	M.73
G00400	M.74
C86331	M.75
C86332	M.76
G00600	M.77
G00700	M.78
G00800	M.79
G00900	M.80
T68600	M.81
T68700	M.82
T68800	M.83
T68900	M.84
T69000	M.85
T69100	M.86
T69200	M.87
T69300	M.88
T69400	M.89
T69500	M.90
T69600	M.91
G01000	M.92
G01100	M.93
G01200	M.94
G01300	M.95
G01400	M.96
G01500	M.97
G05100	M.98
G05200	M.99
G05300	M.100
T70000	M.101
T70100	M.102
G01700	M.103
G01800	M.104
G02100	M.105
G02200	M.106
G02800	M.107
G02300	M.108
G01600	M.109
G02000	M.110
G02400	M.111
G02500	M.112
G02600	M.113
G02700	M.114
P43200	M.115
G01900	M.116
C48200	M.117
C49100	M.118
G02900	M.119
G03000	M.120
G03100	M.121
C84710	M.122
C83550	M.123
C83600	M.124
C83700	M.125
T69700	M.126
T69800	M.127
G03200	M.128
G03300	M.129
G03400	M.130
G03500	M.131
G03600	M.132
G03800	M.133
G03900	M.134
G04000	M.135
G04100	M.136
G04200	M.137
G04300	M.138
G04400	M.139
G10500	M.140
G10510	M.141
C84720	M.142
C84100	M.143
G04800	M.144
G04900	M.145
C78300	M.146
C78400	M.147
C78500	M.148
C78600	M.149
C78700	M.150
C78800	M.151
C65600	M.152
C84400	M.153
C86000	M.154
C86010	M.155
C86100	M.156
C86200	M.157
G04600	M.158
C64900	M.159
C85100	M.160
C85200	M.161
C85300	M.162
C85400	M.163
G05800	M.164
C81700	M.165
C64000	M.166
G11200	M.167
G05600	M.168
G05500	M.169
C84610	M.170
C84620	M.171
C84000	M.172
C81300	M.173
G04700	M.174
G10000	M.175
G10100	M.176
G10200	M.177
C76000	M.178
C76100	M.179
C76200	M.180
C76300	M.181
C76400	M.182
C76500	M.183
C76600	M.184
C76700	M.185
C76800	M.186
C85700	M.187
C85800	M.188
C98000	M.189
C97700	M.190
C98100	M.191
G06000	M.192
G05900	M.193
C85900	M.194
C84700	M.195
C84600	M.196
C84650	M.197
G05950	M.198
C84800	M.199
C84900	M.200
C85000	M.201
G11000	M.202
C76810	M.203
C67100	M.204
C67200	M.205
C67300	M.206
C67400	M.207
C67500	M.208
C67600	M.209
C67700	M.210
C67800	M.211
C67900	M.212
C68000	M.213
C68200	M.214
C68250	M.215
C66400	M.216
C66200	M.217
C66300	M.218
C74700	M.219
C73600	M.220
C95000	M.221
C86900	M.222
C86600	M.223
G10600	M.224
C79650	M.225
G10800	M.226
G10700	M.227
G10900	M.228
C82000	M.229
C82100	M.230
C85500	M.231
C81500	M.232
C86400	M.233
C96600	M.234
C77100	M.235
C77200	M.236
P41400	M.237
C82200	M.238
C81900	M.239
C82300	M.240
C82500	M.241
C82600	M.242
C82700	M.243
C80200	M.244
C83300	M.245
G10400	M.246
G05960	M.247
C64100	M.248
C65400	M.249
C77700	M.250
C84300	M.251
C64200	M.252
C64210	M.253
C64220	M.254
C64230	M.255
C64240	M.256
C64250	M.257
C64300	M.258
C64400	M.259
C64450	M.260
C64500	M.261
C64600	M.262
C65100	M.263
C65110	M.264
C65200	M.265
C65300	M.266
C77400	M.267
C83000	M.268
C83100	M.269
C64700	M.270
C83200	M.271
C84200	M.272
C83400	M.273
C83410	M.274
C80600	M.275
G11100	M.276
C80610	M.277
C65610	M.278
C82800	M.279
C82900	M.280
C65500	M.281
G11500	M.282
G11600	M.283
G11700	M.284
G11800	M.285
G11900	M.286
G12000	M.287
G12100	M.288
C86300	M.289
C86310	M.290
C86320	M.291
C86330	M.292
C86340	M.293
C86350	M.294
C86360	M.295
C86370	M.296
C86380	M.297
C86334	M.298
G12200	M.299